symbol,tf_minutes,side,final_score,ml_score,heur_score,entry_price,sl_pct,tp1_pct,tp2_pct,tp3_pct,risk_reward,risk_reward_tp2,predictors_score,raw_signals_score,indicators_score,market_score,coverage_score,consensus_score,price10_score,bounce_prob,bounce_score,breakout_prob,breakout_score,trend_strength,momentum_strength,volatility_regime,volume_spike_score,level_aware,market_quality_score,quality_multiplier,quality_grade,original_score,pred_vs_raw,pred_vs_ind,component_std,component_min,ml_heur_gap,score_per_risk,atr_pct,market_factor,score_factor,label_win,label_tp_level,label_pnl_pct,label_max_favorable,label_max_adverse,label_bars
POWERUSDT,1,1,0.5584,0.9933,1.0000,0.231770,0.012211,0.009158,0.016790,0.025947,0.7500,1.3750,0.8401,0.6014,0.5890,0.5000,1.0000,0.8173,0.9933,0.2000,0.2000,0.8000,0.8000,0.0000,0.0000,0.0000,0.0000,1,0.0000,0.8890,D,0.6281,1.3968,1.4264,0.126014,0.5000,0.0067,45.73,0.000000,1.0000,0.8326,0.0,-1.0,-0.012211,0.003883,0.014583,2
UNIUSDT,1,-1,0.5670,0.9933,1.0000,3.507000,0.002000,0.003000,0.006000,0.010000,1.5000,3.0000,0.8401,0.5340,0.5463,0.5000,1.0000,0.8173,0.9933,0.2000,0.2000,0.8000,0.8000,0.0000,0.0000,0.0000,0.0000,1,0.0000,0.9434,C,0.6010,1.5732,1.5377,0.136730,0.5000,0.0067,283.49,0.000000,1.0000,0.8205,0.0,-1.0,-0.002000,0.001426,0.003137,19
TRUMPUSDT,1,-1,0.5674,0.9933,1.0000,3.442000,0.002367,0.003000,0.006000,0.010000,1.2673,2.5346,0.8401,0.5739,0.5794,0.5000,1.0000,0.8173,0.9933,0.2000,0.2000,0.8000,0.8000,0.0000,0.0000,0.0000,0.0000,1,0.0000,0.9173,C,0.6185,1.4638,1.4499,0.129010,0.5000,0.0067,239.67,0.000000,1.0000,0.8283,1.0,1.0,0.003000,0.003486,0.000000,3
BEATUSDT,1,-1,0.5519,0.9933,1.0000,0.246000,0.013193,0.009895,0.018141,0.028036,0.7500,1.3750,0.8401,0.6069,0.5856,0.5000,1.0000,0.8173,0.9933,0.2000,0.2000,0.8000,0.8000,0.0000,0.0000,0.0000,0.0000,1,0.0000,0.8775,D,0.6290,1.3844,1.4347,0.126013,0.5000,0.0067,41.83,0.000000,1.0000,0.8330,0.0,-1.0,-0.013193,0.000813,0.017073,2
TRUMPUSDT,1,-1,0.5710,0.9933,1.0000,3.441000,0.002332,0.003000,0.006000,0.010000,1.2866,2.5732,0.8401,0.5775,0.5824,0.5000,1.0000,0.8173,0.9933,0.2000,0.2000,0.8000,0.8000,0.0000,0.0000,0.0000,0.0000,1,0.0000,0.9208,C,0.6201,1.4548,1.4426,0.128430,0.5000,0.0067,244.86,0.000000,1.0000,0.8290,1.0,1.0,0.003000,0.003197,0.000291,2
1000LUNCUSDT,1,-1,0.5574,0.9933,1.0000,0.034590,0.003040,0.003000,0.006000,0.010000,0.9869,1.9737,0.8401,0.5922,0.5929,0.5000,1.0000,0.8173,0.9933,0.2000,0.2000,0.8000,0.8000,0.0000,0.0000,0.0000,0.0000,1,0.0000,0.8901,D,0.6262,1.4186,1.4169,0.126337,0.5000,0.0067,183.36,0.000000,1.0000,0.8318,0.0,-1.0,-0.003040,0.002602,0.003758,7
CLOUSDT,1,-1,0.5553,0.9933,1.0000,0.069480,0.010992,0.008244,0.015113,0.023357,0.7500,1.3750,0.8401,0.6079,0.5971,0.5000,1.0000,0.8173,0.9933,0.2000,0.2000,0.8000,0.8000,0.0000,0.0000,0.0000,0.0000,1,0.0000,0.8794,D,0.6314,1.3820,1.4070,0.124961,0.5000,0.0067,50.52,0.000000,1.0000,0.8341,0.0,-1.0,-0.010992,0.001151,0.013097,7
1000SHIBUSDT,1,-1,0.5614,0.9933,1.0000,0.006539,0.002204,0.003000,0.006000,0.010000,1.3610,2.7219,0.8401,0.5529,0.5618,0.5000,1.0000,0.8173,0.9933,0.2000,0.2000,0.8000,0.8000,0.0000,0.0000,0.0000,0.0000,1,0.0000,0.9214,C,0.6093,1.5194,1.4955,0.132835,0.5000,0.0067,254.67,0.000000,1.0000,0.8242,1.0,2.0,0.006000,0.006882,0.001223,10
1000LUNCUSDT,1,-1,0.5550,0.9933,1.0000,0.034590,0.003252,0.003000,0.006000,0.010000,0.9224,1.8449,0.8401,0.5922,0.5929,0.5000,1.0000,0.8173,0.9933,0.2000,0.2000,0.8000,0.8000,0.0000,0.0000,0.0000,0.0000,1,0.0000,0.8862,D,0.6262,1.4186,1.4169,0.126337,0.5000,0.0067,170.64,0.000000,1.0000,0.8318,0.0,-1.0,-0.003252,0.002024,0.003758,6
TRUMPUSDT,1,-1,0.5859,0.9933,1.0000,3.431000,0.002461,0.003000,0.006000,0.010000,1.2189,2.4377,0.8401,0.6137,0.6061,0.5000,1.0000,0.8173,0.9933,0.2000,0.2000,0.8000,0.8000,0.0000,0.0000,0.0000,0.0000,1,0.0000,0.9230,C,0.6347,1.3690,1.3862,0.123987,0.5000,0.0067,238.03,0.000000,1.0000,0.8356,1.0,1.0,0.003000,0.004663,0.000291,2
LINKUSDT,1,-1,0.6021,0.9933,1.0000,8.754000,0.002000,0.003000,0.006000,0.010000,1.5001,3.0001,0.8401,0.6053,0.5987,0.5000,1.0000,0.8173,0.9933,0.2000,0.2000,0.8000,0.8000,0.0000,0.0000,0.0000,0.0000,1,0.0000,0.9542,C,0.6310,1.3879,1.4032,0.124992,0.5000,0.0067,301.05,0.000000,1.0000,0.8340,1.0,2.0,0.006000,0.006169,0.001599,9
TIAUSDT,1,-1,0.5684,0.9933,1.0000,0.337500,0.002486,0.003000,0.006000,0.010000,1.2069,2.4138,0.8401,0.5848,0.5845,0.5000,1.0000,0.8173,0.9933,0.2000,0.2000,0.8000,0.8000,0.0000,0.0000,0.0000,0.0000,1,0.0000,0.9130,C,0.6225,1.4365,1.4374,0.127604,0.5000,0.0067,228.67,0.000000,1.0000,0.8301,1.0,1.0,0.003000,0.005630,0.001778,9
TRUMPUSDT,1,-1,0.5521,0.9933,1.0000,3.427000,0.002588,0.003000,0.006000,0.010000,1.1591,2.3181,0.7142,0.6257,0.6135,0.5000,1.0000,0.8173,0.9933,0.8000,0.8000,0.2000,0.2000,0.0000,0.0000,0.0000,0.0000,1,0.0000,0.9231,C,0.5981,1.1414,1.1642,0.076108,0.5000,0.0067,213.29,0.000000,1.0000,0.8191,1.0,1.0,0.003000,0.003502,0.000000,1
1000SHIBUSDT,1,-1,0.5780,0.9933,1.0000,0.006541,0.002326,0.003000,0.006000,0.010000,1.2899,2.5797,0.8401,0.5909,0.5885,0.5000,1.0000,0.8173,0.9933,0.2000,0.2000,0.8000,0.8000,0.0000,0.0000,0.0000,0.0000,1,0.0000,0.9248,C,0.6250,1.4217,1.4275,0.126783,0.5000,0.0067,248.52,0.000000,1.0000,0.8313,1.0,2.0,0.006000,0.007185,0.000917,9
SENTUSDT,1,-1,0.5611,0.9933,1.0000,0.021490,0.002534,0.003000,0.006000,0.010000,1.1841,2.3683,0.8401,0.5734,0.5798,0.5000,1.0000,0.8173,0.9933,0.2000,0.2000,0.8000,0.8000,0.0000,0.0000,0.0000,0.0000,1,0.0000,0.9073,C,0.6185,1.4650,1.4489,0.129021,0.5000,0.0067,221.48,0.000000,1.0000,0.8283,0.0,-1.0,-0.002534,0.001861,0.004653,15
DOTUSDT,1,-1,0.5680,0.9933,1.0000,1.347000,0.002778,0.003000,0.006000,0.010000,1.0800,2.1601,0.8401,0.6000,0.5974,0.5000,1.0000,0.8173,0.9933,0.2000,0.2000,0.8000,0.8000,0.0000,0.0000,0.0000,0.0000,1,0.0000,0.9026,C,0.6293,1.4001,1.4062,0.125428,0.5000,0.0067,204.49,0.000000,1.0000,0.8332,1.0,1.0,0.003000,0.005197,0.001485,9
ETCUSDT,1,-1,0.5573,0.9933,1.0000,8.657000,0.002022,0.003000,0.006000,0.010000,1.4840,2.9680,0.8401,0.5291,0.5487,0.5000,1.0000,0.8173,0.9933,0.2000,0.2000,0.8000,0.8000,0.0000,0.0000,0.0000,0.0000,1,0.0000,0.9287,C,0.6001,1.5877,1.5311,0.137137,0.5000,0.0067,275.67,0.000000,1.0000,0.8200,1.0,1.0,0.003000,0.004967,0.001040,8
DOTUSDT,1,-1,0.5663,0.9933,1.0000,1.347000,0.002919,0.003000,0.006000,0.010000,1.0279,2.0558,0.8401,0.6042,0.6003,0.5000,1.0000,0.8173,0.9933,0.2000,0.2000,0.8000,0.8000,0.0000,0.0000,0.0000,0.0000,1,0.0000,0.8975,D,0.6310,1.3905,1.3996,0.124947,0.5000,0.0067,194.04,0.000000,1.0000,0.8339,1.0,1.0,0.003000,0.005197,0.001485,8
SENTUSDT,1,-1,0.5769,0.9933,1.0000,0.021490,0.002459,0.003000,0.006000,0.010000,1.2201,2.4401,0.8401,0.5968,0.5958,0.5000,1.0000,0.8173,0.9933,0.2000,0.2000,0.8000,0.8000,0.0000,0.0000,0.0000,0.0000,1,0.0000,0.9186,C,0.6281,1.4076,1.4101,0.125777,0.5000,0.0067,234.63,0.000000,1.0000,0.8326,0.0,-1.0,-0.002459,0.001861,0.004653,14
TRUMPUSDT,1,-1,0.5916,0.9933,1.0000,3.418000,0.002811,0.003000,0.006000,0.010000,1.0672,2.1345,0.8401,0.6470,0.6265,0.5000,1.0000,0.8173,0.9933,0.2000,0.2000,0.8000,0.8000,0.0000,0.0000,0.0000,0.0000,1,0.0000,0.9130,C,0.6480,1.2985,1.3409,0.121612,0.5000,0.0067,210.47,0.000000,1.0000,0.8416,1.0,2.0,0.006000,0.006437,0.001463,1
1000LUNCUSDT,1,-1,0.5520,0.9933,1.0000,0.034580,0.003088,0.003000,0.006000,0.010000,0.9714,1.9428,0.8401,0.5832,0.5871,0.5000,1.0000,0.8173,0.9933,0.2000,0.2000,0.8000,0.8000,0.0000,0.0000,0.0000,0.0000,1,0.0000,0.8866,D,0.6226,1.4404,1.4308,0.127523,0.5000,0.0067,178.72,0.000000,1.0000,0.8302,0.0,-1.0,-0.003088,0.001735,0.004049,4
LINKUSDT,1,-1,0.5599,0.9933,1.0000,8.762000,0.002036,0.003000,0.006000,0.010000,1.4736,2.9473,0.7142,0.5961,0.5953,0.5000,1.0000,0.8173,0.9933,0.8000,0.8000,0.2000,0.2000,0.0000,0.0000,0.0000,0.0000,1,0.0000,0.9551,C,0.5863,1.1981,1.1997,0.075941,0.5000,0.0067,275.05,0.000000,1.0000,0.8138,1.0,2.0,0.006000,0.007076,0.000685,8
TIAUSDT,1,-1,0.5874,0.9933,1.0000,0.337700,0.002442,0.003000,0.006000,0.010000,1.2284,2.4568,0.8401,0.6153,0.6068,0.5000,1.0000,0.8173,0.9933,0.2000,0.2000,0.8000,0.8000,0.0000,0.0000,0.0000,0.0000,1,0.0000,0.9245,C,0.6353,1.3654,1.3846,0.123856,0.5000,0.0067,240.51,0.000000,1.0000,0.8359,1.0,2.0,0.006000,0.006219,0.001184,8
TRUMPUSDT,1,-1,0.5533,0.9933,1.0000,3.406000,0.003525,0.003000,0.006000,0.010000,0.8510,1.7020,0.7142,0.6663,0.6384,0.5000,1.0000,0.8173,0.9933,0.8000,0.8000,0.2000,0.2000,0.0000,0.0000,0.0000,0.0000,1,0.0000,0.9008,C,0.6142,1.0719,1.1188,0.079649,0.5000,0.0067,156.94,0.000000,1.0000,0.8264,1.0,1.0,0.003000,0.004110,0.002055,1
ETCUSDT,1,-1,0.5755,0.9933,1.0000,8.656000,0.002036,0.003000,0.006000,0.010000,1.4736,2.9472,0.8401,0.5616,0.5707,0.5000,1.0000,0.8173,0.9933,0.2000,0.2000,0.8000,0.8000,0.0000,0.0000,0.0000,0.0000,1,0.0000,0.9382,C,0.6134,1.4958,1.4720,0.131025,0.5000,0.0067,282.68,0.000000,1.0000,0.8260,1.0,1.0,0.003000,0.004852,0.001155,7
ICPUSDT,1,-1,0.5560,0.9933,1.0000,2.364000,0.002626,0.003000,0.006000,0.010000,1.1425,2.2851,0.8401,0.5701,0.5771,0.5000,1.0000,0.8173,0.9933,0.2000,0.2000,0.8000,0.8000,0.0000,0.0000,0.0000,0.0000,1,0.0000,0.9012,C,0.6170,1.4737,1.4559,0.129590,0.5000,0.0067,211.76,0.000000,1.0000,0.8276,1.0,1.0,0.003000,0.005076,0.001269,7
OMUSDT,1,-1,0.5571,0.9933,1.0000,0.058310,0.002808,0.003000,0.006000,0.010000,1.0685,2.1371,0.8401,0.5814,0.5856,0.5000,1.0000,0.8173,0.9933,0.2000,0.2000,0.8000,0.8000,0.0000,0.0000,0.0000,0.0000,1,0.0000,0.8959,D,0.6218,1.4450,1.4346,0.127807,0.5000,0.0067,198.42,0.000000,1.0000,0.8298,0.0,-1.0,-0.002808,0.001372,0.002915,4
1000LUNCUSDT,1,-1,0.5568,0.9933,1.0000,0.034560,0.002969,0.003000,0.006000,0.010000,1.0105,2.0211,0.8401,0.5887,0.5908,0.5000,1.0000,0.8173,0.9933,0.2000,0.2000,0.8000,0.8000,0.0000,0.0000,0.0000,0.0000,1,0.0000,0.8912,D,0.6248,1.4269,1.4220,0.126773,0.5000,0.0067,187.57,0.000000,1.0000,0.8312,0.0,-1.0,-0.002969,0.001157,0.004630,3
1000SHIBUSDT,1,-1,0.5993,0.9933,1.0000,0.006541,0.002377,0.003000,0.006000,0.010000,1.2619,2.5239,0.8401,0.6327,0.6177,0.5000,1.0000,0.8173,0.9933,0.2000,0.2000,0.8000,0.8000,0.0000,0.0000,0.0000,0.0000,1,0.0000,0.9330,C,0.6423,1.3279,1.3600,0.122436,0.5000,0.0067,252.08,0.000000,1.0000,0.8390,1.0,2.0,0.006000,0.007185,0.000764,7
LINKUSDT,1,-1,0.5619,0.9933,1.0000,8.756000,0.002087,0.003000,0.006000,0.010000,1.4371,2.8743,0.7142,0.6052,0.6009,0.5000,1.0000,0.8173,0.9933,0.8000,0.8000,0.2000,0.2000,0.0000,0.0000,0.0000,0.0000,1,0.0000,0.9526,C,0.5899,1.1800,1.1885,0.075769,0.5000,0.0067,269.20,0.000000,1.0000,0.8155,1.0,2.0,0.006000,0.006396,0.000571,7
BERAUSDT,1,-1,0.5517,0.9933,1.0000,0.631000,0.002932,0.003000,0.006000,0.010000,1.0233,2.0466,0.8401,0.5780,0.5827,0.5000,1.0000,0.8173,0.9933,0.2000,0.2000,0.8000,0.8000,0.0000,0.0000,0.0000,0.0000,1,0.0000,0.8894,D,0.6203,1.4535,1.4417,0.128351,0.5000,0.0067,188.17,0.000000,1.0000,0.8291,0.0,-1.0,-0.002932,0.000634,0.003328,2
1000BONKUSDT,1,-1,0.5747,0.9933,1.0000,0.006506,0.002743,0.003000,0.006000,0.010000,1.0937,2.1874,0.8401,0.6117,0.6027,0.5000,1.0000,0.8173,0.9933,0.2000,0.2000,0.8000,0.8000,0.0000,0.0000,0.0000,0.0000,1,0.0000,0.9071,C,0.6335,1.3735,1.3939,0.124330,0.5000,0.0067,209.52,0.000000,1.0000,0.8351,0.0,-1.0,-0.002743,0.001691,0.002767,4
ASTERUSDT,1,-1,0.5617,0.9933,1.0000,0.716600,0.002279,0.003000,0.006000,0.010000,1.3162,2.6324,0.8401,0.5575,0.5684,0.5000,1.0000,0.8173,0.9933,0.2000,0.2000,0.8000,0.8000,0.0000,0.0000,0.0000,0.0000,1,0.0000,0.9181,C,0.6118,1.5068,1.4781,0.131690,0.5000,0.0067,246.42,0.000000,1.0000,0.8253,0.0,-1.0,-0.002279,0.001675,0.002372,2
TIAUSDT,1,-1,0.5773,0.9933,1.0000,0.337900,0.002433,0.003000,0.006000,0.010000,1.2330,2.4660,0.8401,0.5957,0.5951,0.5000,1.0000,0.8173,0.9933,0.2000,0.2000,0.8000,0.8000,0.0000,0.0000,0.0000,0.0000,1,0.0000,0.9198,C,0.6276,1.4104,1.4118,0.125915,0.5000,0.0067,237.26,0.000000,1.0000,0.8324,1.0,2.0,0.006000,0.006807,0.000592,6
ICPUSDT,1,-1,0.5648,0.9933,1.0000,2.365000,0.002630,0.003000,0.006000,0.010000,1.1405,2.2810,0.8401,0.5854,0.5888,0.5000,1.0000,0.8173,0.9933,0.2000,0.2000,0.8000,0.8000,0.0000,0.0000,0.0000,0.0000,1,0.0000,0.9058,C,0.6235,1.4351,1.4269,0.127207,0.5000,0.0067,214.71,0.000000,1.0000,0.8306,1.0,1.0,0.003000,0.005497,0.000846,6
LINKUSDT,1,-1,0.5585,0.9933,1.0000,8.756000,0.002160,0.003000,0.006000,0.010000,1.3887,2.7775,0.7142,0.6051,0.6008,0.5000,1.0000,0.8173,0.9933,0.8000,0.8000,0.2000,0.2000,0.0000,0.0000,0.0000,0.0000,1,0.0000,0.9468,C,0.5899,1.1802,1.1886,0.075770,0.5000,0.0067,258.52,0.000000,1.0000,0.8154,1.0,2.0,0.006000,0.006396,0.000571,6
SENTUSDT,1,-1,0.5725,0.9933,1.0000,0.021490,0.002379,0.003000,0.006000,0.010000,1.2613,2.5226,0.8401,0.5831,0.5870,0.5000,1.0000,0.8173,0.9933,0.2000,0.2000,0.8000,0.8000,0.0000,0.0000,0.0000,0.0000,1,0.0000,0.9196,C,0.6225,1.4407,1.4311,0.127542,0.5000,0.0067,240.69,0.000000,1.0000,0.8301,0.0,-1.0,-0.002379,0.001861,0.004653,12
1000BONKUSDT,1,-1,0.5636,0.9933,1.0000,0.006513,0.002930,0.003000,0.006000,0.010000,1.0238,2.0475,0.8401,0.5996,0.5974,0.5000,1.0000,0.8173,0.9933,0.2000,0.2000,0.8000,0.8000,0.0000,0.0000,0.0000,0.0000,1,0.0000,0.8958,D,0.6291,1.4012,1.4062,0.125459,0.5000,0.0067,192.32,0.000000,1.0000,0.8331,1.0,2.0,0.006000,0.006449,0.001996,6
OPUSDT,1,-1,0.5685,0.9933,1.0000,0.186700,0.002742,0.003000,0.006000,0.010000,1.0941,2.1882,0.8401,0.5994,0.5963,0.5000,1.0000,0.8173,0.9933,0.2000,0.2000,0.8000,0.8000,0.0000,0.0000,0.0000,0.0000,1,0.0000,0.9040,C,0.6289,1.4017,1.4089,0.125561,0.5000,0.0067,207.34,0.000000,1.0000,0.8330,1.0,1.0,0.003000,0.005892,0.001071,6
ETCUSDT,1,-1,0.5928,0.9933,1.0000,8.655000,0.002146,0.003000,0.006000,0.010000,1.3979,2.7959,0.8401,0.6014,0.5986,0.5000,1.0000,0.8173,0.9933,0.2000,0.2000,0.8000,0.8000,0.0000,0.0000,0.0000,0.0000,1,0.0000,0.9412,C,0.6299,1.3969,1.4036,0.125254,0.5000,0.0067,276.24,0.000000,1.0000,0.8334,1.0,1.0,0.003000,0.004737,0.000462,5
SENTUSDT,1,-1,0.5751,0.9933,1.0000,0.021490,0.002315,0.003000,0.006000,0.010000,1.2959,2.5918,0.8401,0.5831,0.5870,0.5000,1.0000,0.8173,0.9933,0.2000,0.2000,0.8000,0.8000,0.0000,0.0000,0.0000,0.0000,1,0.0000,0.9238,C,0.6225,1.4407,1.4311,0.127542,0.5000,0.0067,248.41,0.000000,1.0000,0.8301,0.0,-1.0,-0.002315,0.001861,0.004653,11
TIAUSDT,1,-1,0.5840,0.9933,1.0000,0.337700,0.002362,0.003000,0.006000,0.010000,1.2700,2.5401,0.8401,0.6029,0.5995,0.5000,1.0000,0.8173,0.9933,0.2000,0.2000,0.8000,0.8000,0.0000,0.0000,0.0000,0.0000,1,0.0000,0.9262,C,0.6305,1.3935,1.4014,0.125088,0.5000,0.0067,247.22,0.000000,1.0000,0.8337,1.0,2.0,0.006000,0.006219,0.001184,5
LINKUSDT,1,-1,0.5631,0.9933,1.0000,8.753000,0.002111,0.003000,0.006000,0.010000,1.4211,2.8421,0.7142,0.6098,0.6037,0.5000,1.0000,0.8173,0.9933,0.8000,0.8000,0.2000,0.2000,0.0000,0.0000,0.0000,0.0000,1,0.0000,0.9516,C,0.5917,1.1712,1.1830,0.075758,0.5000,0.0067,266.72,0.000000,1.0000,0.8163,1.0,2.0,0.006000,0.006055,0.000685,5
DOTUSDT,1,-1,0.5685,0.9933,1.0000,1.346000,0.003043,0.003000,0.006000,0.010000,0.9857,1.9715,0.8401,0.6134,0.6059,0.5000,1.0000,0.8173,0.9933,0.2000,0.2000,0.8000,0.8000,0.0000,0.0000,0.0000,0.0000,1,0.0000,0.8958,D,0.6347,1.3696,1.3865,0.124009,0.5000,0.0067,186.81,0.000000,1.0000,0.8356,1.0,1.0,0.003000,0.004458,0.001486,5
OPUSDT,1,-1,0.5772,0.9933,1.0000,0.186700,0.002730,0.003000,0.006000,0.010000,1.0990,2.1980,0.8401,0.6146,0.6066,0.5000,1.0000,0.8173,0.9933,0.2000,0.2000,0.8000,0.8000,0.0000,0.0000,0.0000,0.0000,1,0.0000,0.9088,C,0.6351,1.3670,1.3849,0.123899,0.5000,0.0067,211.46,0.000000,1.0000,0.8358,1.0,1.0,0.003000,0.005892,0.001071,5
SUIUSDT,1,-1,0.5517,0.9933,1.0000,0.955100,0.002799,0.003000,0.006000,0.010000,1.0719,2.1438,0.8401,0.5719,0.5779,0.5000,1.0000,0.8173,0.9933,0.2000,0.2000,0.8000,0.8000,0.0000,0.0000,0.0000,0.0000,1,0.0000,0.8932,D,0.6176,1.4690,1.4538,0.129340,0.5000,0.0067,197.12,0.000000,1.0000,0.8279,1.0,2.0,0.006000,0.007643,0.001466,5
1000SHIBUSDT,1,-1,0.6002,0.9933,1.0000,0.006535,0.002473,0.003000,0.006000,0.010000,1.2133,2.4265,0.8401,0.6417,0.6233,0.5000,1.0000,0.8173,0.9933,0.2000,0.2000,0.8000,0.8000,0.0000,0.0000,0.0000,0.0000,1,0.0000,0.9293,C,0.6459,1.3092,1.3479,0.121882,0.5000,0.0067,242.74,0.000000,1.0000,0.8407,1.0,2.0,0.006000,0.006274,0.001071,5
1000BONKUSDT,1,-1,0.5674,0.9933,1.0000,0.006512,0.002827,0.003000,0.006000,0.010000,1.0613,2.1225,0.8401,0.6014,0.5986,0.5000,1.0000,0.8173,0.9933,0.2000,0.2000,0.8000,0.8000,0.0000,0.0000,0.0000,0.0000,1,0.0000,0.9008,C,0.6299,1.3970,1.4036,0.125255,0.5000,0.0067,200.71,0.000000,1.0000,0.8334,1.0,2.0,0.006000,0.006296,0.002150,5
SUIUSDT,1,-1,0.5680,0.9933,1.0000,0.955300,0.002742,0.003000,0.006000,0.010000,1.0941,2.1883,0.8401,0.5979,0.5962,0.5000,1.0000,0.8173,0.9933,0.2000,0.2000,0.8000,0.8000,0.0000,0.0000,0.0000,0.0000,1,0.0000,0.9037,C,0.6284,1.4051,1.4090,0.125666,0.5000,0.0067,207.14,0.000000,1.0000,0.8328,1.0,2.0,0.006000,0.007851,0.001256,4
SENTUSDT,1,-1,0.5838,0.9933,1.0000,0.021480,0.002204,0.003000,0.006000,0.010000,1.3613,2.7226,0.8401,0.5900,0.5916,0.5000,1.0000,0.8173,0.9933,0.2000,0.2000,0.8000,0.8000,0.0000,0.0000,0.0000,0.0000,1,0.0000,0.9336,C,0.6253,1.4239,1.4201,0.126614,0.5000,0.0067,264.92,0.000000,1.0000,0.8314,0.0,-1.0,-0.002204,0.000000,0.002328,2
1000SHIBUSDT,1,-1,0.5885,0.9933,1.0000,0.006538,0.002470,0.003000,0.006000,0.010000,1.2147,2.4293,0.8401,0.6191,0.6094,0.5000,1.0000,0.8173,0.9933,0.2000,0.2000,0.8000,0.8000,0.0000,0.0000,0.0000,0.0000,1,0.0000,0.9239,C,0.6369,1.3569,1.3785,0.123487,0.5000,0.0067,238.26,0.000000,1.0000,0.8366,1.0,2.0,0.006000,0.006730,0.000612,4
1000BONKUSDT,1,-1,0.5537,0.9933,1.0000,0.006517,0.002781,0.003000,0.006000,0.010000,1.0789,2.1578,0.8401,0.5744,0.5798,0.5000,1.0000,0.8173,0.9933,0.2000,0.2000,0.8000,0.8000,0.0000,0.0000,0.0000,0.0000,1,0.0000,0.8949,D,0.6187,1.4626,1.4490,0.128935,0.5000,0.0067,199.11,0.000000,1.0000,0.8284,1.0,2.0,0.006000,0.007058,0.001381,4
ICPUSDT,1,-1,0.5693,0.9933,1.0000,2.364000,0.002594,0.003000,0.006000,0.010000,1.1567,2.3133,0.8401,0.5915,0.5925,0.5000,1.0000,0.8173,0.9933,0.2000,0.2000,0.8000,0.8000,0.0000,0.0000,0.0000,0.0000,1,0.0000,0.9095,C,0.6259,1.4202,1.4179,0.126419,0.5000,0.0067,219.50,0.000000,1.0000,0.8317,1.0,1.0,0.003000,0.005076,0.001269,4
SENTUSDT,1,-1,0.5837,0.9933,1.0000,0.021480,0.002206,0.003000,0.006000,0.010000,1.3599,2.7198,0.8401,0.5900,0.5916,0.5000,1.0000,0.8173,0.9933,0.2000,0.2000,0.8000,0.8000,0.0000,0.0000,0.0000,0.0000,1,0.0000,0.9335,C,0.6253,1.4239,1.4201,0.126614,0.5000,0.0067,264.60,0.000000,1.0000,0.8314,0.0,-1.0,-0.002206,0.000000,0.002328,1
ICPUSDT,1,-1,0.5609,0.9933,1.0000,2.365000,0.002552,0.003000,0.006000,0.010000,1.1754,2.3508,0.8401,0.5745,0.5799,0.5000,1.0000,0.8173,0.9933,0.2000,0.2000,0.8000,0.8000,0.0000,0.0000,0.0000,0.0000,1,0.0000,0.9065,C,0.6188,1.4622,1.4486,0.128907,0.5000,0.0067,219.77,0.000000,1.0000,0.8285,1.0,1.0,0.003000,0.005497,0.000846,3
SUPERUSDT,1,-1,0.5550,0.9933,1.0000,0.129100,0.003389,0.003000,0.006000,0.010000,0.8853,1.7705,0.8401,0.5948,0.5945,0.5000,1.0000,0.8173,0.9933,0.2000,0.2000,0.8000,0.8000,0.0000,0.0000,0.0000,0.0000,1,0.0000,0.8847,D,0.6273,1.4124,1.4131,0.126016,0.5000,0.0067,163.76,0.000000,1.0000,0.8323,1.0,1.0,0.003000,0.005422,0.001549,3
ETCUSDT,1,-1,0.5579,0.9933,1.0000,8.655000,0.002030,0.003000,0.006000,0.010000,1.4781,2.9562,0.7142,0.5915,0.5925,0.5000,1.0000,0.8173,0.9933,0.8000,0.8000,0.2000,0.2000,0.0000,0.0000,0.0000,0.0000,1,0.0000,0.9546,C,0.5844,1.2075,1.2054,0.076104,0.5000,0.0067,274.86,0.000000,1.0000,0.8130,1.0,1.0,0.003000,0.004737,0.000462,3
1000SHIBUSDT,1,-1,0.5892,0.9933,1.0000,0.006538,0.002451,0.003000,0.006000,0.010000,1.2241,2.4482,0.8401,0.6191,0.6094,0.5000,1.0000,0.8173,0.9933,0.2000,0.2000,0.8000,0.8000,0.0000,0.0000,0.0000,0.0000,1,0.0000,0.9250,C,0.6369,1.3569,1.3785,0.123487,0.5000,0.0067,240.41,0.000000,1.0000,0.8366,1.0,2.0,0.006000,0.006730,0.000612,3
LINKUSDT,1,-1,0.5597,0.9933,1.0000,8.755000,0.002047,0.003000,0.006000,0.010000,1.4653,2.9307,0.7142,0.5968,0.5957,0.5000,1.0000,0.8173,0.9933,0.8000,0.8000,0.2000,0.2000,0.0000,0.0000,0.0000,0.0000,1,0.0000,0.9542,C,0.5865,1.1968,1.1989,0.075922,0.5000,0.0067,273.37,0.000000,1.0000,0.8139,1.0,2.0,0.006000,0.006282,0.000457,3
TIAUSDT,1,-1,0.5837,0.9933,1.0000,0.337800,0.002201,0.003000,0.006000,0.010000,1.3633,2.7266,0.8401,0.5895,0.5913,0.5000,1.0000,0.8173,0.9933,0.2000,0.2000,0.8000,0.8000,0.0000,0.0000,0.0000,0.0000,1,0.0000,0.9337,C,0.6251,1.4251,1.4209,0.126676,0.5000,0.0067,265.26,0.000000,1.0000,0.8313,1.0,2.0,0.006000,0.006513,0.000888,3
SUPERUSDT,1,-1,0.5547,0.9933,1.0000,0.129100,0.003412,0.003000,0.006000,0.010000,0.8791,1.7583,0.8401,0.5948,0.5945,0.5000,1.0000,0.8173,0.9933,0.2000,0.2000,0.8000,0.8000,0.0000,0.0000,0.0000,0.0000,1,0.0000,0.8844,D,0.6273,1.4124,1.4131,0.126017,0.5000,0.0067,162.56,0.000000,1.0000,0.8323,1.0,1.0,0.003000,0.005422,0.000775,2
SUIUSDT,1,-1,0.5546,0.9933,1.0000,0.956200,0.002578,0.003000,0.006000,0.010000,1.1637,2.3274,0.8401,0.5654,0.5724,0.5000,1.0000,0.8173,0.9933,0.2000,0.2000,0.8000,0.8000,0.0000,0.0000,0.0000,0.0000,1,0.0000,0.9021,C,0.6148,1.4858,1.4677,0.130472,0.5000,0.0067,215.13,0.000000,1.0000,0.8267,1.0,2.0,0.006000,0.008785,0.000000,2
ETCUSDT,1,-1,0.5881,0.9933,1.0000,8.657000,0.002000,0.003000,0.006000,0.010000,1.5000,3.0000,0.8401,0.5795,0.5840,0.5000,1.0000,0.8173,0.9933,0.2000,0.2000,0.8000,0.8000,0.0000,0.0000,0.0000,0.0000,1,0.0000,0.9471,C,0.6210,1.4497,1.4384,0.128104,0.5000,0.0067,294.05,0.000000,1.0000,0.8294,1.0,1.0,0.003000,0.004967,0.000231,2
LINKUSDT,1,-1,0.5587,0.9933,1.0000,8.756000,0.002000,0.003000,0.006000,0.010000,1.5000,2.9999,0.7142,0.5900,0.5916,0.5000,1.0000,0.8173,0.9933,0.8000,0.8000,0.2000,0.2000,0.0000,0.0000,0.0000,0.0000,1,0.0000,0.9569,C,0.5839,1.2105,1.2073,0.076166,0.5000,0.0067,279.33,0.000000,1.0000,0.8127,1.0,2.0,0.006000,0.006396,0.000000,2
TIAUSDT,1,-1,0.5782,0.9933,1.0000,0.337900,0.002178,0.003000,0.006000,0.010000,1.3774,2.7548,0.8401,0.5782,0.5830,0.5000,1.0000,0.8173,0.9933,0.2000,0.2000,0.8000,0.8000,0.0000,0.0000,0.0000,0.0000,1,0.0000,0.9319,C,0.6204,1.4530,1.4411,0.128313,0.5000,0.0067,265.46,0.000000,1.0000,0.8292,1.0,2.0,0.006000,0.006807,0.000592,2
XLMUSDT,1,-1,0.5644,0.9933,1.0000,0.168160,0.002177,0.003000,0.006000,0.010000,1.3780,2.7559,0.8401,0.5536,0.5673,0.5000,1.0000,0.8173,0.9933,0.2000,0.2000,0.8000,0.8000,0.0000,0.0000,0.0000,0.0000,1,0.0000,0.9244,C,0.6105,1.5176,1.4808,0.132237,0.5000,0.0067,259.22,0.000000,1.0000,0.8247,1.0,1.0,0.003000,0.004817,0.000416,1
SUIUSDT,1,-1,0.5642,0.9933,1.0000,0.955400,0.002491,0.003000,0.006000,0.010000,1.2041,2.4082,0.8401,0.5764,0.5815,0.5000,1.0000,0.8173,0.9933,0.2000,0.2000,0.8000,0.8000,0.0000,0.0000,0.0000,0.0000,1,0.0000,0.9106,C,0.6196,1.4574,1.4447,0.128595,0.5000,0.0067,226.45,0.000000,1.0000,0.8288,1.0,2.0,0.006000,0.007955,0.000314,1
LINKUSDT,1,-1,0.5668,0.9933,1.0000,8.748000,0.002000,0.003000,0.006000,0.010000,1.5000,3.0000,0.7142,0.6061,0.6014,0.5000,1.0000,0.8173,0.9933,0.8000,0.8000,0.2000,0.2000,0.0000,0.0000,0.0000,0.0000,1,0.0000,0.9603,C,0.5902,1.1784,1.1875,0.075763,0.5000,0.0067,283.41,0.000000,1.0000,0.8156,1.0,1.0,0.003000,0.005487,0.000229,1
1000BONKUSDT,1,1,0.5550,0.9933,1.0000,0.006520,0.002562,0.003000,0.006000,0.010000,1.1711,2.3421,0.8401,0.5552,0.5639,0.5000,1.0000,0.8173,0.9933,0.2000,0.2000,0.8000,0.8000,0.0000,0.0000,0.0000,0.0000,1,0.0000,0.9094,C,0.6103,1.5132,1.4899,0.132373,0.5000,0.0067,216.65,0.000000,1.0000,0.8246,0.0,-1.0,-0.002562,0.000153,0.007515,1
1000SHIBUSDT,1,-1,0.6000,0.9933,1.0000,0.006532,0.002336,0.003000,0.006000,0.010000,1.2841,2.5682,0.8401,0.6309,0.6166,0.5000,1.0000,0.8173,0.9933,0.2000,0.2000,0.8000,0.8000,0.0000,0.0000,0.0000,0.0000,1,0.0000,0.9352,C,0.6416,1.3316,1.3624,0.122558,0.5000,0.0067,256.83,0.000000,1.0000,0.8387,1.0,1.0,0.003000,0.005818,0.000153,1
TIAUSDT,1,-1,0.5836,0.9933,1.0000,0.337700,0.002159,0.003000,0.006000,0.010000,1.3896,2.7791,0.8401,0.5857,0.5890,0.5000,1.0000,0.8173,0.9933,0.2000,0.2000,0.8000,0.8000,0.0000,0.0000,0.0000,0.0000,1,0.0000,0.9358,C,0.6236,1.4343,1.4264,0.127166,0.5000,0.0067,270.31,0.000000,1.0000,0.8306,1.0,2.0,0.006000,0.006219,0.000000,1
ETCUSDT,1,-1,0.5550,0.9933,1.0000,8.655000,0.002000,0.003000,0.006000,0.010000,1.5000,3.0000,0.7142,0.5831,0.5870,0.5000,1.0000,0.8173,0.9933,0.8000,0.8000,0.2000,0.2000,0.0000,0.0000,0.0000,0.0000,1,0.0000,0.9552,C,0.5810,1.2248,1.2166,0.076537,0.5000,0.0067,277.50,0.000000,1.0000,0.8115,1.0,1.0,0.003000,0.004737,0.000231,1
SUPERUSDT,1,-1,0.5597,0.9933,1.0000,0.129000,0.003348,0.003000,0.006000,0.010000,0.8960,1.7920,0.8401,0.6032,0.5996,0.5000,1.0000,0.8173,0.9933,0.2000,0.2000,0.8000,0.8000,0.0000,0.0000,0.0000,0.0000,1,0.0000,0.8877,D,0.6306,1.3928,1.4010,0.125059,0.5000,0.0067,167.17,0.000000,1.0000,0.8338,1.0,1.0,0.003000,0.004651,0.000775,1
XLMUSDT,1,-1,0.5907,0.9933,1.0000,0.167380,0.002632,0.003000,0.006000,0.010000,1.1398,2.2797,0.8401,0.6344,0.6188,0.5000,1.0000,0.8173,0.9933,0.2000,0.2000,0.8000,0.8000,0.0000,0.0000,0.0000,0.0000,1,0.0000,0.9187,C,0.6430,1.3243,1.3577,0.122321,0.5000,0.0067,224.45,0.000000,1.0000,0.8393,0.0,-1.0,-0.002632,0.001613,0.003047,5
DOGEUSDT,1,-1,0.5882,0.9933,1.0000,0.100850,0.003567,0.003000,0.006000,0.010000,0.8409,1.6819,0.8401,0.6629,0.6363,0.5000,1.0000,0.8173,0.9933,0.2000,0.2000,0.8000,0.8000,0.0000,0.0000,0.0000,0.0000,1,0.0000,0.8989,D,0.6543,1.2673,1.3204,0.121050,0.5000,0.0067,164.88,0.000000,1.0000,0.8445,0.0,-1.0,-0.003567,0.002181,0.003768,4
TONUSDT,1,-1,0.5533,0.9933,1.0000,1.435700,0.002000,0.003000,0.006000,0.010000,1.5000,3.0000,0.8401,0.5192,0.5447,0.5000,1.0000,0.8173,0.9933,0.2000,0.2000,0.8000,0.8000,0.0000,0.0000,0.0000,0.0000,1,0.0000,0.9276,C,0.5965,1.6182,1.5423,0.138962,0.5000,0.0067,276.67,0.000000,1.0000,0.8184,0.0,-1.0,-0.002000,0.000418,0.003552,1
1000BONKUSDT,1,-1,0.5707,0.9933,1.0000,0.006476,0.003277,0.003000,0.006000,0.010000,0.9154,1.8308,0.8401,0.6228,0.6117,0.5000,1.0000,0.8173,0.9933,0.2000,0.2000,0.8000,0.8000,0.0000,0.0000,0.0000,0.0000,1,0.0000,0.8940,D,0.6384,1.3490,1.3735,0.123178,0.5000,0.0067,174.14,0.000000,1.0000,0.8373,0.0,-1.0,-0.003277,0.002316,0.004787,5
0GUSDT,1,-1,0.5675,0.9933,1.0000,0.627800,0.003372,0.003000,0.006000,0.010000,0.8898,1.7795,0.8401,0.6185,0.6090,0.5000,1.0000,0.8173,0.9933,0.2000,0.2000,0.8000,0.8000,0.0000,0.0000,0.0000,0.0000,1,0.0000,0.8914,D,0.6367,1.3583,1.3794,0.123544,0.5000,0.0067,168.32,0.000000,1.0000,0.8365,1.0,1.0,0.003000,0.005097,0.000319,1
XRPUSDT,1,-1,0.5501,0.9933,1.0000,1.470400,0.003410,0.003000,0.006000,0.010000,0.8798,1.7596,0.8401,0.5861,0.5892,0.5000,1.0000,0.8173,0.9933,0.2000,0.2000,0.8000,0.8000,0.0000,0.0000,0.0000,0.0000,1,0.0000,0.8819,D,0.6238,1.4334,1.4259,0.127117,0.5000,0.0067,161.34,0.000000,1.0000,0.8307,0.0,-1.0,-0.003410,0.002040,0.008161,6
WIFUSDT,1,-1,0.5608,0.9933,1.0000,0.230200,0.003393,0.003000,0.006000,0.010000,0.8841,1.7682,0.8401,0.6066,0.6005,0.5000,1.0000,0.8173,0.9933,0.2000,0.2000,0.8000,0.8000,0.0000,0.0000,0.0000,0.0000,1,0.0000,0.8877,D,0.6317,1.3850,1.3989,0.124779,0.5000,0.0067,165.26,0.000000,1.0000,0.8343,0.0,-1.0,-0.003393,0.002172,0.003910,4
RENDERUSDT,1,-1,0.5569,0.9933,1.0000,1.417000,0.003901,0.003000,0.006000,0.010000,0.7691,1.5383,0.8401,0.6073,0.6016,0.5000,1.0000,0.8173,0.9933,0.2000,0.2000,0.8000,0.8000,0.0000,0.0000,0.0000,0.0000,1,0.0000,0.8811,D,0.6321,1.3834,1.3965,0.124660,0.5000,0.0067,142.79,0.000000,1.0000,0.8344,0.0,-1.0,-0.003901,0.002117,0.004234,5
ASTERUSDT,1,-1,0.5523,0.9933,1.0000,0.715100,0.002798,0.003000,0.006000,0.010000,1.0721,2.1442,0.8401,0.5729,0.5785,0.5000,1.0000,0.8173,0.9933,0.2000,0.2000,0.8000,0.8000,0.0000,0.0000,0.0000,0.0000,1,0.0000,0.8935,D,0.6180,1.4665,1.4521,0.129188,0.5000,0.0067,197.35,0.000000,1.0000,0.8281,0.0,-1.0,-0.002798,0.002517,0.003216,6
FARTCOINUSDT,1,-1,0.5647,0.9933,1.0000,0.197500,0.005050,0.003788,0.006944,0.010732,0.7500,1.3750,0.8401,0.6235,0.6121,0.5000,1.0000,0.8173,0.9933,0.2000,0.2000,0.8000,0.8000,0.0000,0.0000,0.0000,0.0000,1,0.0000,0.8843,D,0.6387,1.3474,1.3725,0.123121,0.5000,0.0067,111.82,0.000000,1.0000,0.8374,0.0,-1.0,-0.005050,0.002025,0.006076,5
OPUSDT,1,-1,0.5761,0.9933,1.0000,0.185700,0.003040,0.003000,0.006000,0.010000,0.9868,1.9736,0.8401,0.6280,0.6148,0.5000,1.0000,0.8173,0.9933,0.2000,0.2000,0.8000,0.8000,0.0000,0.0000,0.0000,0.0000,1,0.0000,0.8996,D,0.6404,1.3378,1.3664,0.122772,0.5000,0.0067,189.51,0.000000,1.0000,0.8382,0.0,-1.0,-0.003040,0.001616,0.003231,4
ONDOUSDT,1,-1,0.5770,0.9933,1.0000,0.271900,0.002980,0.003000,0.006000,0.010000,1.0067,2.0135,0.8401,0.6281,0.6141,0.5000,1.0000,0.8173,0.9933,0.2000,0.2000,0.8000,0.8000,0.0000,0.0000,0.0000,0.0000,1,0.0000,0.9011,C,0.6403,1.3375,1.3680,0.122813,0.5000,0.0067,193.64,0.000000,1.0000,0.8382,0.0,-1.0,-0.002980,0.000736,0.003310,4
SENTUSDT,1,-1,0.5551,0.9933,1.0000,0.021470,0.002415,0.003000,0.006000,0.010000,1.2423,2.4846,0.8401,0.5568,0.5653,0.5000,1.0000,0.8173,0.9933,0.2000,0.2000,0.8000,0.8000,0.0000,0.0000,0.0000,0.0000,1,0.0000,0.9086,C,0.6110,1.5087,1.4862,0.132057,0.5000,0.0067,229.89,0.000000,1.0000,0.8250,0.0,-1.0,-0.002415,0.000931,0.005589,6
XPLUSDT,1,-1,0.5568,0.9933,1.0000,0.098900,0.004948,0.003711,0.006804,0.010515,0.7500,1.3750,0.8401,0.6081,0.6027,0.5000,1.0000,0.8173,0.9933,0.2000,0.2000,0.8000,0.8000,0.0000,0.0000,0.0000,0.0000,1,0.0000,0.8803,D,0.6326,1.3814,1.3939,0.124531,0.5000,0.0067,112.53,0.000000,1.0000,0.8346,1.0,2.0,0.006804,0.008089,0.001011,1
LINKUSDT,1,-1,0.6101,0.9933,1.0000,8.701000,0.002460,0.003000,0.006000,0.010000,1.2194,2.4387,0.8401,0.6598,0.6343,0.5000,1.0000,0.8173,0.9933,0.2000,0.2000,0.8000,0.8000,0.0000,0.0000,0.0000,0.0000,1,0.0000,0.9341,C,0.6531,1.2733,1.3244,0.121131,0.5000,0.0067,247.96,0.000000,1.0000,0.8439,0.0,-1.0,-0.002460,0.001034,0.003333,5
AVAXUSDT,1,-1,0.6076,0.9933,1.0000,9.177000,0.002020,0.003000,0.006000,0.010000,1.4852,2.9705,0.8401,0.6173,0.6063,0.5000,1.0000,0.8173,0.9933,0.2000,0.2000,0.8000,0.8000,0.0000,0.0000,0.0000,0.0000,1,0.0000,0.9556,C,0.6358,1.3609,1.3856,0.123787,0.5000,0.0067,300.81,0.000000,1.0000,0.8361,0.0,-1.0,-0.002020,0.001308,0.002397,5
1000SHIBUSDT,1,-1,0.6020,0.9933,1.0000,0.006498,0.002867,0.003000,0.006000,0.010000,1.0465,2.0930,0.8401,0.6706,0.6410,0.5000,1.0000,0.8173,0.9933,0.2000,0.2000,0.8000,0.8000,0.0000,0.0000,0.0000,0.0000,1,0.0000,0.9157,C,0.6574,1.2528,1.3107,0.120914,0.5000,0.0067,209.99,0.000000,1.0000,0.8458,0.0,-1.0,-0.002867,0.001693,0.003386,5
ETCUSDT,1,-1,0.5714,0.9933,1.0000,8.615000,0.002299,0.003000,0.006000,0.010000,1.3050,2.6100,0.7142,0.6447,0.6251,0.5000,1.0000,0.8173,0.9933,0.8000,0.8000,0.2000,0.2000,0.0000,0.0000,0.0000,0.0000,1,0.0000,0.9436,C,0.6056,1.1077,1.1425,0.077306,0.5000,0.0067,248.58,0.000000,1.0000,0.8225,0.0,-1.0,-0.002299,0.000929,0.002438,4
BERAUSDT,1,-1,0.5583,0.9933,1.0000,0.629300,0.003206,0.003000,0.006000,0.010000,0.9359,1.8717,0.8401,0.5975,0.5962,0.5000,1.0000,0.8173,0.9933,0.2000,0.2000,0.8000,0.8000,0.0000,0.0000,0.0000,0.0000,1,0.0000,0.8885,D,0.6283,1.4061,1.4092,0.125700,0.5000,0.0067,174.16,0.000000,1.0000,0.8327,1.0,1.0,0.003000,0.003337,0.000953,1
ADAUSDT,1,-1,0.5618,0.9933,1.0000,0.279000,0.002928,0.003000,0.006000,0.010000,1.0245,2.0490,0.8401,0.5976,0.5931,0.5000,1.0000,0.8173,0.9933,0.2000,0.2000,0.8000,0.8000,0.0000,0.0000,0.0000,0.0000,1,0.0000,0.8949,D,0.6278,1.4059,1.4164,0.125927,0.5000,0.0067,191.85,0.000000,1.0000,0.8325,0.0,-1.0,-0.002928,0.001434,0.003226,5
SUPERUSDT,1,-1,0.5727,0.9933,1.0000,0.128500,0.003744,0.003000,0.006000,0.010000,0.8013,1.6027,0.8401,0.6351,0.6192,0.5000,1.0000,0.8173,0.9933,0.2000,0.2000,0.8000,0.8000,0.0000,0.0000,0.0000,0.0000,1,0.0000,0.8902,D,0.6433,1.3228,1.3567,0.122275,0.5000,0.0067,152.96,0.000000,1.0000,0.8395,1.0,1.0,0.003000,0.004669,0.000000,2
TIAUSDT,1,-1,0.5917,0.9933,1.0000,0.335500,0.002845,0.003000,0.006000,0.010000,1.0546,2.1093,0.8401,0.6491,0.6278,0.5000,1.0000,0.8173,0.9933,0.2000,0.2000,0.8000,0.8000,0.0000,0.0000,0.0000,0.0000,1,0.0000,0.9120,C,0.6488,1.2943,1.3382,0.121517,0.5000,0.0067,208.02,0.000000,1.0000,0.8420,0.0,-1.0,-0.002845,0.000000,0.003279,2
WIFUSDT,1,-1,0.5739,0.9933,1.0000,0.229900,0.003503,0.003000,0.006000,0.010000,0.8564,1.7128,0.8401,0.6334,0.6182,0.5000,1.0000,0.8173,0.9933,0.2000,0.2000,0.8000,0.8000,0.0000,0.0000,0.0000,0.0000,1,0.0000,0.8931,D,0.6426,1.3264,1.3591,0.122389,0.5000,0.0067,163.83,0.000000,1.0000,0.8392,0.0,-1.0,-0.003503,0.000870,0.005220,3
BNBUSDT,1,-1,0.5958,0.9933,1.0000,613.369995,0.002000,0.003000,0.006000,0.010000,1.5000,3.0000,0.7772,0.6281,0.6108,0.5000,1.0000,0.8173,0.9933,0.8000,0.8000,0.2000,0.2000,0.0000,0.0000,0.0000,0.0000,1,0.0000,0.9626,C,0.6190,1.2374,1.2723,0.098642,0.5000,0.0067,297.90,0.000000,1.0000,0.8285,0.0,-1.0,-0.002000,0.000000,0.002657,3
BERAUSDT,1,-1,0.5643,0.9933,1.0000,0.628300,0.003472,0.003000,0.006000,0.010000,0.8639,1.7279,0.8401,0.6142,0.6064,0.5000,1.0000,0.8173,0.9933,0.2000,0.2000,0.8000,0.8000,0.0000,0.0000,0.0000,0.0000,1,0.0000,0.8887,D,0.6350,1.3678,1.3854,0.123935,0.5000,0.0067,162.50,0.000000,1.0000,0.8357,0.0,-1.0,-0.003472,0.001114,0.004297,2
0GUSDT,1,-1,0.5669,0.9933,1.0000,0.627400,0.003752,0.003000,0.006000,0.010000,0.7995,1.5991,0.8401,0.6240,0.6124,0.5000,1.0000,0.8173,0.9933,0.2000,0.2000,0.8000,0.8000,0.0000,0.0000,0.0000,0.0000,1,0.0000,0.8874,D,0.6389,1.3463,1.3718,0.123078,0.5000,0.0067,151.09,0.000000,1.0000,0.8375,0.0,-1.0,-0.003752,0.000478,0.003825,3
SENTUSDT,1,-1,0.5611,0.9933,1.0000,0.021460,0.002350,0.003000,0.006000,0.010000,1.2766,2.5533,0.8401,0.5624,0.5699,0.5000,1.0000,0.8173,0.9933,0.2000,0.2000,0.8000,0.8000,0.0000,0.0000,0.0000,0.0000,1,0.0000,0.9146,C,0.6135,1.4938,1.4742,0.131020,0.5000,0.0067,238.76,0.000000,1.0000,0.8261,0.0,-1.0,-0.002350,0.000466,0.002796,4
1000SHIBUSDT,1,-1,0.6019,0.9933,1.0000,0.006489,0.002983,0.003000,0.006000,0.010000,1.0058,2.0116,0.8401,0.6769,0.6448,0.5000,1.0000,0.8173,0.9933,0.2000,0.2000,0.8000,0.8000,0.0000,0.0000,0.0000,0.0000,1,0.0000,0.9121,C,0.6599,1.2411,1.3028,0.120869,0.5000,0.0067,201.79,0.000000,1.0000,0.8470,0.0,-1.0,-0.002983,0.000308,0.003236,3
LINKUSDT,1,-1,0.6104,0.9933,1.0000,8.695000,0.002510,0.003000,0.006000,0.010000,1.1954,2.3908,0.8401,0.6641,0.6370,0.5000,1.0000,0.8173,0.9933,0.2000,0.2000,0.8000,0.8000,0.0000,0.0000,0.0000,0.0000,1,0.0000,0.9322,C,0.6548,1.2650,1.3188,0.121023,0.5000,0.0067,243.23,0.000000,1.0000,0.8447,0.0,-1.0,-0.002510,0.000115,0.002875,3
OPUSDT,1,-1,0.5778,0.9933,1.0000,0.185600,0.003071,0.003000,0.006000,0.010000,0.9769,1.9539,0.8401,0.6320,0.6173,0.5000,1.0000,0.8173,0.9933,0.2000,0.2000,0.8000,0.8000,0.0000,0.0000,0.0000,0.0000,1,0.0000,0.9000,D,0.6420,1.3294,1.3610,0.122484,0.5000,0.0067,188.16,0.000000,1.0000,0.8389,0.0,-1.0,-0.003071,0.000539,0.003772,3
DOTUSDT,1,-1,0.5761,0.9933,1.0000,1.339000,0.003239,0.003000,0.006000,0.010000,0.9261,1.8521,0.8401,0.6324,0.6176,0.5000,1.0000,0.8173,0.9933,0.2000,0.2000,0.8000,0.8000,0.0000,0.0000,0.0000,0.0000,1,0.0000,0.8970,D,0.6422,1.3285,1.3604,0.122455,0.5000,0.0067,177.83,0.000000,1.0000,0.8390,0.0,-1.0,-0.003239,0.000747,0.004481,4
XRPUSDT,1,-1,0.5544,0.9933,1.0000,1.469100,0.003449,0.003000,0.006000,0.010000,0.8698,1.7396,0.8401,0.5948,0.5945,0.5000,1.0000,0.8173,0.9933,0.2000,0.2000,0.8000,0.8000,0.0000,0.0000,0.0000,0.0000,1,0.0000,0.8838,D,0.6272,1.4125,1.4131,0.126021,0.5000,0.0067,160.72,0.000000,1.0000,0.8323,0.0,-1.0,-0.003449,0.000681,0.004288,4
ETCUSDT,1,-1,0.5739,0.9933,1.0000,8.610000,0.002295,0.003000,0.006000,0.010000,1.3071,2.6141,0.7142,0.6496,0.6281,0.5000,1.0000,0.8173,0.9933,0.8000,0.8000,0.2000,0.2000,0.0000,0.0000,0.0000,0.0000,1,0.0000,0.9445,C,0.6076,1.0994,1.1370,0.077749,0.5000,0.0067,250.02,0.000000,1.0000,0.8234,0.0,-1.0,-0.002295,0.000116,0.003020,3
ADAUSDT,1,-1,0.5833,0.9933,1.0000,0.278600,0.002969,0.003000,0.006000,0.010000,1.0104,2.0208,0.8401,0.6397,0.6212,0.5000,1.0000,0.8173,0.9933,0.2000,0.2000,0.8000,0.8000,0.0000,0.0000,0.0000,0.0000,1,0.0000,0.9044,C,0.6450,1.3132,1.3524,0.122041,0.5000,0.0067,196.45,0.000000,1.0000,0.8402,0.0,-1.0,-0.002969,0.000000,0.003948,3
ARBUSDT,1,-1,0.5647,0.9933,1.0000,0.112600,0.003382,0.003000,0.006000,0.010000,0.8871,1.7742,0.8401,0.6132,0.6058,0.5000,1.0000,0.8173,0.9933,0.2000,0.2000,0.8000,0.8000,0.0000,0.0000,0.0000,0.0000,1,0.0000,0.8898,D,0.6346,1.3699,1.3867,0.124025,0.5000,0.0067,166.97,0.000000,1.0000,0.8356,0.0,-1.0,-0.003382,0.000888,0.003552,3
XLMUSDT,1,-1,0.5945,0.9933,1.0000,0.167210,0.002645,0.003000,0.006000,0.010000,1.1344,2.2688,0.8401,0.6425,0.6237,0.5000,1.0000,0.8173,0.9933,0.2000,0.2000,0.8000,0.8000,0.0000,0.0000,0.0000,0.0000,1,0.0000,0.9200,C,0.6462,1.3077,1.3469,0.121841,0.5000,0.0067,224.80,0.000000,1.0000,0.8408,0.0,-1.0,-0.002645,0.000598,0.002691,3
DOGEUSDT,1,-1,0.5878,0.9933,1.0000,0.100780,0.003780,0.003000,0.006000,0.010000,0.7937,1.5873,0.8401,0.6658,0.6380,0.5000,1.0000,0.8173,0.9933,0.2000,0.2000,0.8000,0.8000,0.0000,0.0000,0.0000,0.0000,1,0.0000,0.8967,D,0.6555,1.2618,1.3167,0.120988,0.5000,0.0067,155.50,0.000000,1.0000,0.8450,0.0,-1.0,-0.003780,0.000893,0.004465,3
ONDOUSDT,1,-1,0.5836,0.9933,1.0000,0.271900,0.002977,0.003000,0.006000,0.010000,1.0077,2.0154,0.8401,0.6403,0.6224,0.5000,1.0000,0.8173,0.9933,0.2000,0.2000,0.8000,0.8000,0.0000,0.0000,0.0000,0.0000,1,0.0000,0.9043,C,0.6454,1.3120,1.3498,0.121959,0.5000,0.0067,196.02,0.000000,1.0000,0.8404,0.0,-1.0,-0.002977,0.000368,0.003310,3
RENDERUSDT,1,-1,0.5657,0.9933,1.0000,1.415000,0.003950,0.003000,0.006000,0.010000,0.7595,1.5189,0.8401,0.6247,0.6128,0.5000,1.0000,0.8173,0.9933,0.2000,0.2000,0.8000,0.8000,0.0000,0.0000,0.0000,0.0000,1,0.0000,0.8851,D,0.6391,1.3448,1.3708,0.123023,0.5000,0.0067,143.22,0.000000,1.0000,0.8376,0.0,-1.0,-0.003950,0.000707,0.005654,4
1000BONKUSDT,1,-1,0.5744,0.9933,1.0000,0.006468,0.003330,0.003000,0.006000,0.010000,0.9010,1.8019,0.8401,0.6311,0.6168,0.5000,1.0000,0.8173,0.9933,0.2000,0.2000,0.8000,0.8000,0.0000,0.0000,0.0000,0.0000,1,0.0000,0.8952,D,0.6417,1.3312,1.3621,0.122545,0.5000,0.0067,172.52,0.000000,1.0000,0.8388,0.0,-1.0,-0.003330,0.001082,0.004329,3
ENAUSDT,1,-1,0.5591,0.9933,1.0000,0.119400,0.003639,0.003000,0.006000,0.010000,0.8243,1.6486,0.8401,0.6072,0.6021,0.5000,1.0000,0.8173,0.9933,0.2000,0.2000,0.8000,0.8000,0.0000,0.0000,0.0000,0.0000,1,0.0000,0.8845,D,0.6322,1.3836,1.3953,0.124627,0.5000,0.0067,153.64,0.000000,1.0000,0.8345,0.0,-1.0,-0.003639,0.001675,0.004188,3
1000PEPEUSDT,1,-1,0.5675,0.9933,1.0000,0.004417,0.004836,0.003627,0.006650,0.010276,0.7500,1.3750,0.8401,0.6289,0.6154,0.5000,1.0000,0.8173,0.9933,0.2000,0.2000,0.8000,0.8000,0.0000,0.0000,0.0000,0.0000,1,0.0000,0.8856,D,0.6408,1.3358,1.3651,0.122703,0.5000,0.0067,117.35,0.000000,1.0000,0.8384,0.0,-1.0,-0.004836,0.000045,0.005955,3
SUIUSDT,1,-1,0.5799,0.9933,1.0000,0.948500,0.003470,0.003000,0.006000,0.010000,0.8647,1.7293,0.8401,0.6446,0.6251,0.5000,1.0000,0.8173,0.9933,0.2000,0.2000,0.8000,0.8000,0.0000,0.0000,0.0000,0.0000,1,0.0000,0.8963,D,0.6471,1.3032,1.3441,0.121727,0.5000,0.0067,167.15,0.000000,1.0000,0.8412,0.0,-1.0,-0.003470,0.000000,0.004006,3
PUMPUSDT,1,-1,0.5635,0.9933,1.0000,0.002182,0.003503,0.003000,0.006000,0.010000,0.8564,1.7127,0.8401,0.6132,0.6058,0.5000,1.0000,0.8173,0.9933,0.2000,0.2000,0.8000,0.8000,0.0000,0.0000,0.0000,0.0000,1,0.0000,0.8880,D,0.6346,1.3701,1.3868,0.124032,0.5000,0.0067,160.84,0.000000,1.0000,0.8355,0.0,-1.0,-0.003503,0.001833,0.003666,4
AVAXUSDT,1,-1,0.5857,0.9933,1.0000,9.172000,0.002064,0.003000,0.006000,0.010000,1.4538,2.9076,0.7142,0.6522,0.6297,0.5000,1.0000,0.8173,0.9933,0.8000,0.8000,0.2000,0.2000,0.0000,0.0000,0.0000,0.0000,1,0.0000,0.9625,C,0.6086,1.0951,1.1342,0.078001,0.5000,0.0067,283.86,0.000000,1.0000,0.8239,0.0,-1.0,-0.002064,0.000109,0.002944,4
DOGEUSDT,1,-1,0.5693,0.9933,1.0000,0.100900,0.003823,0.003000,0.006000,0.010000,0.7847,1.5695,0.8401,0.6298,0.6159,0.5000,1.0000,0.8173,0.9933,0.2000,0.2000,0.8000,0.8000,0.0000,0.0000,0.0000,0.0000,1,0.0000,0.8879,D,0.6412,1.3340,1.3639,0.122640,0.5000,0.0067,148.91,0.000000,1.0000,0.8385,0.0,-1.0,-0.003823,0.000099,0.007532,4
PUMPUSDT,1,-1,0.5634,0.9933,1.0000,0.002182,0.003515,0.003000,0.006000,0.010000,0.8535,1.7070,0.8401,0.6132,0.6058,0.5000,1.0000,0.8173,0.9933,0.2000,0.2000,0.8000,0.8000,0.0000,0.0000,0.0000,0.0000,1,0.0000,0.8878,D,0.6346,1.3701,1.3868,0.124032,0.5000,0.0067,160.27,0.000000,1.0000,0.8355,0.0,-1.0,-0.003515,0.000458,0.003666,3
ONDOUSDT,1,-1,0.5593,0.9933,1.0000,0.272300,0.002970,0.003000,0.006000,0.010000,1.0100,2.0199,0.8401,0.5934,0.5937,0.5000,1.0000,0.8173,0.9933,0.2000,0.2000,0.8000,0.8000,0.0000,0.0000,0.0000,0.0000,1,0.0000,0.8924,D,0.6267,1.4157,1.4151,0.126184,0.5000,0.0067,188.29,0.000000,1.0000,0.8320,0.0,-1.0,-0.002970,0.000367,0.003305,3
FARTCOINUSDT,1,-1,0.5593,0.9933,1.0000,0.197600,0.005017,0.003763,0.006899,0.010662,0.7500,1.3750,0.8401,0.6129,0.6056,0.5000,1.0000,0.8173,0.9933,0.2000,0.2000,0.8000,0.8000,0.0000,0.0000,0.0000,0.0000,1,0.0000,0.8815,D,0.6344,1.3707,1.3872,0.124059,0.5000,0.0067,111.47,0.000000,1.0000,0.8355,0.0,-1.0,-0.005017,0.000000,0.005567,3
ADAUSDT,1,-1,0.5578,0.9933,1.0000,0.279100,0.002957,0.003000,0.006000,0.010000,1.0146,2.0292,0.8401,0.5901,0.5916,0.5000,1.0000,0.8173,0.9933,0.2000,0.2000,0.8000,0.8000,0.0000,0.0000,0.0000,0.0000,1,0.0000,0.8920,D,0.6254,1.4238,1.4201,0.126607,0.5000,0.0067,188.66,0.000000,1.0000,0.8314,0.0,-1.0,-0.002957,0.000717,0.007166,4
1000BONKUSDT,1,-1,0.5505,0.9933,1.0000,0.006478,0.003422,0.003000,0.006000,0.010000,0.8766,1.7532,0.8401,0.5869,0.5897,0.5000,1.0000,0.8173,0.9933,0.2000,0.2000,0.8000,0.8000,0.0000,0.0000,0.0000,0.0000,1,0.0000,0.8820,D,0.6241,1.4314,1.4247,0.127008,0.5000,0.0067,160.85,0.000000,1.0000,0.8309,0.0,-1.0,-0.003422,0.000000,0.004477,3
XPLUSDT,1,-1,0.5549,0.9933,1.0000,0.098400,0.005607,0.004205,0.007710,0.011916,0.7500,1.3750,0.8401,0.6044,0.6004,0.5000,1.0000,0.8173,0.9933,0.2000,0.2000,0.8000,0.8000,0.0000,0.0000,0.0000,0.0000,1,0.0000,0.8793,D,0.6311,1.3900,1.3993,0.124926,0.5000,0.0067,98.95,0.000000,1.0000,0.8340,0.0,-1.0,-0.005607,0.000000,0.009146,4
TIAUSDT,1,-1,0.5558,0.9933,1.0000,0.336200,0.002874,0.003000,0.006000,0.010000,1.0439,2.0878,0.8401,0.5824,0.5865,0.5000,1.0000,0.8173,0.9933,0.2000,0.2000,0.8000,0.8000,0.0000,0.0000,0.0000,0.0000,1,0.0000,0.8933,D,0.6222,1.4425,1.4325,0.127651,0.5000,0.0067,193.41,0.000000,1.0000,0.8300,0.0,-1.0,-0.002874,0.000000,0.004164,3
SUPERUSDT,1,-1,0.5783,0.9933,1.0000,0.128200,0.003930,0.003000,0.006000,0.010000,0.7634,1.5269,0.8401,0.6492,0.6279,0.5000,1.0000,0.8173,0.9933,0.2000,0.2000,0.8000,0.8000,0.0000,0.0000,0.0000,0.0000,1,0.0000,0.8912,D,0.6489,1.2941,1.3381,0.121512,0.5000,0.0067,147.17,0.000000,1.0000,0.8420,0.0,-1.0,-0.003930,0.001560,0.004680,4
XLMUSDT,1,-1,0.5790,0.9933,1.0000,0.167340,0.002625,0.003000,0.006000,0.010000,1.1430,2.2861,0.8401,0.6116,0.6048,0.5000,1.0000,0.8173,0.9933,0.2000,0.2000,0.8000,0.8000,0.0000,0.0000,0.0000,0.0000,1,0.0000,0.9133,C,0.6339,1.3736,1.3890,0.124184,0.5000,0.0067,220.61,0.000000,1.0000,0.8353,0.0,-1.0,-0.002625,0.000418,0.003287,3
AVAXUSDT,1,-1,0.5628,0.9933,1.0000,9.180000,0.002089,0.003000,0.006000,0.010000,1.4363,2.8726,0.7142,0.6071,0.6020,0.5000,1.0000,0.8173,0.9933,0.8000,0.8000,0.2000,0.2000,0.0000,0.0000,0.0000,0.0000,1,0.0000,0.9529,C,0.5906,1.1764,1.1863,0.075758,0.5000,0.0067,269.45,0.000000,1.0000,0.8158,0.0,-1.0,-0.002089,0.000218,0.006100,4
SUPERUSDT,1,-1,0.5784,0.9933,1.0000,0.128200,0.003916,0.003000,0.006000,0.010000,0.7660,1.5320,0.8401,0.6492,0.6279,0.5000,1.0000,0.8173,0.9933,0.2000,0.2000,0.8000,0.8000,0.0000,0.0000,0.0000,0.0000,1,0.0000,0.8914,D,0.6489,1.2941,1.3381,0.121512,0.5000,0.0067,147.69,0.000000,1.0000,0.8420,0.0,-1.0,-0.003916,0.000000,0.004680,3
1000SHIBUSDT,1,-1,0.5849,0.9933,1.0000,0.006496,0.002857,0.003000,0.006000,0.010000,1.0501,2.1003,0.8401,0.6364,0.6200,0.5000,1.0000,0.8173,0.9933,0.2000,0.2000,0.8000,0.8000,0.0000,0.0000,0.0000,0.0000,1,0.0000,0.9085,C,0.6438,1.3200,1.3550,0.122191,0.5000,0.0067,204.73,0.000000,1.0000,0.8397,0.0,-1.0,-0.002857,0.000154,0.003695,2
AVAXUSDT,1,-1,0.5654,0.9933,1.0000,9.179000,0.002052,0.003000,0.006000,0.010000,1.4622,2.9243,0.7142,0.6085,0.6029,0.5000,1.0000,0.8173,0.9933,0.8000,0.8000,0.2000,0.2000,0.0000,0.0000,0.0000,0.0000,1,0.0000,0.9563,C,0.5912,1.1736,1.1845,0.075756,0.5000,0.0067,275.55,0.000000,1.0000,0.8161,0.0,-1.0,-0.002052,0.000109,0.002179,2
SENTUSDT,1,-1,0.5532,0.9933,1.0000,0.021470,0.002280,0.003000,0.006000,0.010000,1.3158,2.6317,0.8401,0.5448,0.5553,0.5000,1.0000,0.8173,0.9933,0.2000,0.2000,0.8000,0.8000,0.0000,0.0000,0.0000,0.0000,1,0.0000,0.9132,C,0.6058,1.5419,1.5129,0.134433,0.5000,0.0067,242.62,0.000000,1.0000,0.8226,0.0,-1.0,-0.002280,0.000000,0.002329,2
DOGEUSDT,1,-1,0.5624,0.9933,1.0000,0.100950,0.003740,0.003000,0.006000,0.010000,0.8020,1.6041,0.8401,0.6152,0.6070,0.5000,1.0000,0.8173,0.9933,0.2000,0.2000,0.8000,0.8000,0.0000,0.0000,0.0000,0.0000,1,0.0000,0.8852,D,0.6353,1.3657,1.3840,0.123844,0.5000,0.0067,150.36,0.000000,1.0000,0.8359,0.0,-1.0,-0.003740,0.000198,0.007033,3
LINKUSDT,1,-1,0.5505,0.9933,1.0000,8.705000,0.002490,0.003000,0.006000,0.010000,1.2050,2.4100,0.7142,0.6155,0.6072,0.5000,1.0000,0.8173,0.9933,0.8000,0.8000,0.2000,0.2000,0.0000,0.0000,0.0000,0.0000,1,0.0000,0.9268,C,0.5940,1.1603,1.1762,0.075814,0.5000,0.0067,221.12,0.000000,1.0000,0.8173,0.0,-1.0,-0.002490,0.000115,0.002872,2
XLMUSDT,1,-1,0.5808,0.9933,1.0000,0.167280,0.002629,0.003000,0.006000,0.010000,1.1410,2.2820,0.8401,0.6153,0.6071,0.5000,1.0000,0.8173,0.9933,0.2000,0.2000,0.8000,0.8000,0.0000,0.0000,0.0000,0.0000,1,0.0000,0.9141,C,0.6354,1.3654,1.3839,0.123834,0.5000,0.0067,220.90,0.000000,1.0000,0.8359,0.0,-1.0,-0.002629,0.000000,0.003647,2
OPUSDT,1,-1,0.5511,0.9933,1.0000,0.185900,0.002999,0.003000,0.006000,0.010000,1.0003,2.0005,0.8401,0.5799,0.5844,0.5000,1.0000,0.8173,0.9933,0.2000,0.2000,0.8000,0.8000,0.0000,0.0000,0.0000,0.0000,1,0.0000,0.8872,D,0.6211,1.4487,1.4376,0.128039,0.5000,0.0067,183.75,0.000000,1.0000,0.8295,0.0,-1.0,-0.002999,0.000000,0.003228,2
SUPERUSDT,1,-1,0.5532,0.9933,1.0000,0.128400,0.003809,0.003000,0.006000,0.010000,0.7876,1.5752,0.8401,0.5984,0.5967,0.5000,1.0000,0.8173,0.9933,0.2000,0.2000,0.8000,0.8000,0.0000,0.0000,0.0000,0.0000,1,0.0000,0.8799,D,0.6287,1.4039,1.4079,0.125593,0.5000,0.0067,145.23,0.000000,1.0000,0.8329,0.0,-1.0,-0.003809,0.000779,0.003894,4
ETCUSDT,1,-1,0.5546,0.9933,1.0000,8.636000,0.002226,0.003000,0.006000,0.010000,1.3476,2.6952,0.8401,0.5435,0.5542,0.5000,1.0000,0.8173,0.9933,0.2000,0.2000,0.8000,0.8000,0.0000,0.0000,0.0000,0.0000,1,0.0000,0.9165,C,0.6052,1.5458,1.5160,0.134715,0.5000,0.0067,249.14,0.000000,1.0000,0.8223,0.0,-1.0,-0.002226,0.000463,0.004400,2
AVAXUSDT,1,-1,0.5551,0.9933,1.0000,9.199000,0.002040,0.003000,0.006000,0.010000,1.4703,2.9405,0.8401,0.5301,0.5431,0.5000,1.0000,0.8173,0.9933,0.2000,0.2000,0.8000,0.8000,0.0000,0.0000,0.0000,0.0000,1,0.0000,0.9263,C,0.5993,1.5849,1.5470,0.137604,0.5000,0.0067,272.07,0.000000,1.0000,0.8197,0.0,-1.0,-0.002040,0.000000,0.004022,1
SUPERUSDT,1,-1,0.5547,0.9933,1.0000,0.128400,0.003626,0.003000,0.006000,0.010000,0.8274,1.6547,0.8401,0.5984,0.5967,0.5000,1.0000,0.8173,0.9933,0.2000,0.2000,0.8000,0.8000,0.0000,0.0000,0.0000,0.0000,1,0.0000,0.8823,D,0.6287,1.4039,1.4079,0.125593,0.5000,0.0067,152.97,0.000000,1.0000,0.8329,0.0,-1.0,-0.003626,0.000000,0.003894,3
NILUSDT,1,1,0.5525,0.9933,1.0000,0.059820,0.005762,0.004321,0.007922,0.012244,0.7500,1.3750,0.8401,0.5999,0.5977,0.5000,1.0000,0.8173,0.9933,0.2000,0.2000,0.8000,0.8000,0.0000,0.0000,0.0000,0.0000,1,0.0000,0.8780,D,0.6293,1.4004,1.4057,0.125419,0.5000,0.0067,95.90,0.000000,1.0000,0.8332,1.0,1.0,0.004321,0.007690,0.003343,1
NILUSDT,1,1,0.5706,0.9933,1.0000,0.060260,0.006563,0.004922,0.009024,0.013946,0.7500,1.3750,0.8401,0.6349,0.6191,0.5000,1.0000,0.8173,0.9933,0.2000,0.2000,0.8000,0.8000,0.0000,0.0000,0.0000,0.0000,1,0.0000,0.8871,D,0.6432,1.3231,1.3569,0.122286,0.5000,0.0067,86.94,0.000000,1.0000,0.8394,0.0,0.0,-0.005642,0.001494,0.006306,5
NILUSDT,1,1,0.5629,0.9933,1.0000,0.060210,0.006498,0.004873,0.008934,0.013808,0.7500,1.3750,0.8401,0.6199,0.6099,0.5000,1.0000,0.8173,0.9933,0.2000,0.2000,0.8000,0.8000,0.0000,0.0000,0.0000,0.0000,1,0.0000,0.8833,D,0.6372,1.3553,1.3775,0.123424,0.5000,0.0067,86.63,0.000000,1.0000,0.8367,0.0,0.0,-0.004816,0.002325,0.005481,4
NILUSDT,1,1,0.5533,0.9933,1.0000,0.060190,0.006454,0.004840,0.008874,0.013714,0.7500,1.3750,0.8401,0.6015,0.5986,0.5000,1.0000,0.8173,0.9933,0.2000,0.2000,0.8000,0.8000,0.0000,0.0000,0.0000,0.0000,1,0.0000,0.8785,D,0.6299,1.3968,1.4035,0.125245,0.5000,0.0067,85.74,0.000000,1.0000,0.8335,0.0,0.0,-0.004486,0.001994,0.005150,2
